name,birth,death,link,hpi,type,name_fa
Avicenna,980,1037,https://en.wikipedia.org/wiki/Avicenna,92.50853213,Philosopher,ابن سینا
Zoroaster,-2000,-1926,https://en.wikipedia.org/wiki/Zoroaster,89.80094748,Religious Figure,زرتشت
Omar Khayyam,1048,1131,https://en.wikipedia.org/wiki/Omar Khayyam,87.496541,Mathematician,خیام
Xerxes I,-519,-475,https://en.wikipedia.org/wiki/Xerxes I,85.30799657,Politician,خشایارشا
Al-Ghazali,1058,1111,https://en.wikipedia.org/wiki/Al-Ghazali,85.22428521,Philosopher,غزالی
Darius III,-380,-330,https://en.wikipedia.org/wiki/Darius III,84.02562517,Politician,داریوش سوم
Ruhollah Khomeini,1902,1989,https://en.wikipedia.org/wiki/Ruhollah Khomeini,83.67858664,Religious Figure,سید روح‌الله خمینی
Cyrus the Great,-600,-530,https://en.wikipedia.org/wiki/Cyrus the Great,83.61738782,Politician,کوروش بزرگ
Mohammad Reza Pahlavi,1919,1980,https://en.wikipedia.org/wiki/Mohammad Reza Pahlavi,83.600435,Politician,محمدرضا پهلوی
Harun al-Rashid,766,809,https://en.wikipedia.org/wiki/Harun al-Rashid,83.04840655,Politician,هارون‌الرشید
Hulagu Khan,1217,1265,https://en.wikipedia.org/wiki/Hulagu Khan,82.61957072,Politician,هولاکو خان
Esther,-600,-500,https://en.wikipedia.org/wiki/Esther,81.80609809,Religious Figure,استر
Ismail I,1487,1524,https://en.wikipedia.org/wiki/Ismail I,81.80262567,Writer,شاه اسماعیل یکم
Jabir ibn Hayyan,721,815,https://en.wikipedia.org/wiki/Jabir ibn Hayyan,81.7512584,Chemist,جابر بن حیان
Hafez,1325,1389,https://en.wikipedia.org/wiki/Hafez,81.69923899,Writer,حافظ
Muhammad ibn Zakariya al-Razi,865,925,https://en.wikipedia.org/wiki/Muhammad ibn Zakariya al-Razi,81.51283626,Physician,زکریای رازی
Hassan-i Sabbah,1050,1124,https://en.wikipedia.org/wiki/Hassan-i Sabbah,81.1650162,Religious Figure,حسن صباح
Ulugh Beg,1394,1449,https://en.wikipedia.org/wiki/Ulugh Beg,81.03586967,Astronomer,الغ‌بیگ
Ali Khamenei,1939,,https://en.wikipedia.org/wiki/Ali Khamenei,80.84634902,Politician,سید علی خامنه‌ای
Cambyses II,-550,-522,https://en.wikipedia.org/wiki/Cambyses II,80.73740143,Politician,کمبوجیه دوم
Abbas the Great,1571,1629,https://en.wikipedia.org/wiki/Abbas the Great,80.58943806,Politician,شاه عباس بزرگ
Ferdowsi,940,1020,https://en.wikipedia.org/wiki/Ferdowsi,80.4820665,Writer,فردوسی
Artaxerxes I of Persia,-500,-424,https://en.wikipedia.org/wiki/Artaxerxes I of Persia,80.43056498,Politician,اردشیر یکم (شاهنشاه هخامنشی)
Abu Nuwas,762,814,https://en.wikipedia.org/wiki/Abu Nuwas,80.36614787,Writer,ابونواس اهوازی
Mani,216,274,https://en.wikipedia.org/wiki/Mani,80.31658213,Religious Figure,مانی
Mansur Al-Hallaj,858,922,https://en.wikipedia.org/wiki/Mansur Al-Hallaj,79.59258388,Writer,حسین منصور حلاج
Şehzade Bayezid,1525,1561,https://en.wikipedia.org/wiki/Şehzade Bayezid,79.53575357,Politician,شاهزاده بایزید
Valerian,200,260,https://en.wikipedia.org/wiki/Valerian,79.27754451,Politician,والرین
Saadi Shirazi,1210,1291,https://en.wikipedia.org/wiki/Saadi Shirazi,79.2225247,Writer,سعدی
Khosrow I,501,579,https://en.wikipedia.org/wiki/Khosrow I,78.71327961,Politician,خسرو انوشیروان
Doris Lessing,1919,2013,https://en.wikipedia.org/wiki/Doris Lessing,78.67541411,Writer,دوریس لسینگ
Tahmasp I,1514,1576,https://en.wikipedia.org/wiki/Tahmasp I,78.66513035,Politician,شاه تهماسب یکم
Darius II,-475,-404,https://en.wikipedia.org/wiki/Darius II,78.66197363,Politician,داریوش دوم
Al-Tabari,839,923,https://en.wikipedia.org/wiki/Al-Tabari,78.51719417,Philosopher,محمد بن جریر طبری
Abdul Qadir Gilani,1078,1166,https://en.wikipedia.org/wiki/Abdul Qadir Gilani,78.26704403,Religious Figure,عبدالقادر گیلانی
Reza Shah,1878,1944,https://en.wikipedia.org/wiki/Reza Shah,78.19228469,Politician,رضاشاه
Salman the Persian,568,657,https://en.wikipedia.org/wiki/Salman the Persian,78.16626143,Companion,سلمان فارسی
Nasir al-Din al-Tusi,1201,1274,https://en.wikipedia.org/wiki/Nasir al-Din al-Tusi,78.1435438,Writer,خواجه نصیرالدین طوسی
Farah Pahlavi,1938,,https://en.wikipedia.org/wiki/Farah Pahlavi,78.14119186,Politician,فرح پهلوی
Muslim ibn al-Hajjaj,817,875,https://en.wikipedia.org/wiki/Muslim ibn al-Hajjaj,78.01188221,Religious Figure,مسلم بن حجاج نیشابوری
Malik-Shah I,1055,1092,https://en.wikipedia.org/wiki/Malik-Shah I,77.86940738,Politician,ملکشاه یکم
Bahá'u'lláh,1817,1892,https://en.wikipedia.org/wiki/Bahá'u'lláh,77.72848261,Religious Figure,بهاءالله
Antiochus III the Great,-241,-187,https://en.wikipedia.org/wiki/Antiochus III the Great,77.65570103,Politician,آنتیوخوس سوم
Ardashir I,180,242,https://en.wikipedia.org/wiki/Ardashir I,77.64381311,Politician,اردشیر بابکان
Tughril,990,1063,https://en.wikipedia.org/wiki/Tughril,77.47448223,Companion,طغرل بیک
Shapur I,150,270,https://en.wikipedia.org/wiki/Shapur I,77.17733712,Politician,شاپور یکم
Nader Shah,1688,1747,https://en.wikipedia.org/wiki/Nader Shah,77.11083458,Politician,نادرشاه
Hephaestion,-356,-324,https://en.wikipedia.org/wiki/Hephaestion,77.02093752,Military Personnel,هفستیون
Nizam al-Mulk,1018,1092,https://en.wikipedia.org/wiki/Nizam al-Mulk,76.90106178,Politician,نظام‌الملک
Antiochus IV Epiphanes,-215,-164,https://en.wikipedia.org/wiki/Antiochus IV Epiphanes,76.89127967,Politician,آنتیوخوس چهارم
Hassan Rouhani,1948,,https://en.wikipedia.org/wiki/Hassan Rouhani,76.84118812,Politician,حسن روحانی
Báb,1819,1850,https://en.wikipedia.org/wiki/Báb,76.48283983,Religious Figure,سید علی‌محمد باب
Astyages,-700,-600,https://en.wikipedia.org/wiki/Astyages,76.42940591,Politician,ایشتوویگو
Cambyses I,-600,-559,https://en.wikipedia.org/wiki/Cambyses I,76.35679759,Politician,کمبوجیه یکم
Nabonidus,-555,-538,https://en.wikipedia.org/wiki/Nabonidus,76.34348916,Politician,نبونعید
Yazdegerd III,624,652,https://en.wikipedia.org/wiki/Yazdegerd III,76.32557539,Politician,یزدگرد سوم
Mohammad Mosaddegh,1882,1967,https://en.wikipedia.org/wiki/Mohammad Mosaddegh,76.29195385,Politician,محمد مصدق
Abu al-Wafa' Buzjani,940,998,https://en.wikipedia.org/wiki/Abu al-Wafa' Buzjani,76.25725024,Mathematician,ابوالوفا محمد بوزجانی
Ali al-Ridha,770,818,https://en.wikipedia.org/wiki/Ali al-Ridha,76.14326423,Religious Figure,علی بن موسی الرضا
Shams Tabrizi,1185,1248,https://en.wikipedia.org/wiki/Shams Tabrizi,76.1370981,Writer,شمس تبریزی
Abd al-Rahman al-Sufi,903,986,https://en.wikipedia.org/wiki/Abd al-Rahman al-Sufi,76.07952676,Astronomer,عبدالرحمن صوفی
Rashid-al-Din Hamadani,1247,1318,https://en.wikipedia.org/wiki/Rashid-al-Din Hamadani,75.81377198,Politician,رشیدالدین فضل‌الله همدانی
Antiochus I Soter,-324,-261,https://en.wikipedia.org/wiki/Antiochus I Soter,75.68777821,Politician,آنتیوخوس یکم
Attar of Nishapur,1145,1220,https://en.wikipedia.org/wiki/Attar of Nishapur,75.46211669,Writer,عطار
Cyrus I,-690,-580,https://en.wikipedia.org/wiki/Cyrus I,75.44444171,Politician,کوروش یکم
Soraya Esfandiary-Bakhtiary,1932,2001,https://en.wikipedia.org/wiki/Soraya Esfandiary-Bakhtiary,75.43911201,Companion,ثریا اسفندیاری
Xerxes II of Persia,-500,-424,https://en.wikipedia.org/wiki/Xerxes II of Persia,75.42896125,Politician,خشایارشای دوم
Bayazid Bastami,804,874,https://en.wikipedia.org/wiki/Bayazid Bastami,75.39290532,Philosopher,بایزید بسطامی
Sogdianus of Persia,-500,-423,https://en.wikipedia.org/wiki/Sogdianus of Persia,75.04407358,Politician,سغدیانه
Mahmoud Ahmadinejad,1956,,https://en.wikipedia.org/wiki/Mahmoud Ahmadinejad,74.98398794,Politician,محمود احمدی‌نژاد
Ghazan,1271,1304,https://en.wikipedia.org/wiki/Ghazan,74.93270998,Politician,غازان خان
Abbas Kiarostami,1940,2016,https://en.wikipedia.org/wiki/Abbas Kiarostami,74.75830797,Film Director,عباس کیارستمی
Uzun Hasan,1423,1478,https://en.wikipedia.org/wiki/Uzun Hasan,74.6653245,Politician,اوزون حسن
Shirin Ebadi,1947,,https://en.wikipedia.org/wiki/Shirin Ebadi,74.57323277,Social Activist,شیرین عبادی
Cyaxares,-700,-584,https://en.wikipedia.org/wiki/Cyaxares,74.55366847,Politician,هووخشتره
Jamshīd al-Kāshī,1380,1429,https://en.wikipedia.org/wiki/Jamshīd al-Kāshī,74.47200518,Astronomer,غیاث‌الدین جمشید کاشانی
Babak Khorramdin,798,838,https://en.wikipedia.org/wiki/Babak Khorramdin,74.42412712,Social Activist,بابک خرمدین
Abaqa Khan,1234,1282,https://en.wikipedia.org/wiki/Abaqa Khan,74.40859355,Politician,اباقا خان
Qasem Soleimani,1957,2020,https://en.wikipedia.org/wiki/Qasem Soleimani,74.40565405,Military Personnel,قاسم سلیمانی
Akbar Hashemi Rafsanjani,1934,2017,https://en.wikipedia.org/wiki/Akbar Hashemi Rafsanjani,74.3881252,Politician,اکبر هاشمی رفسنجانی
Al-Mahdi,744,785,https://en.wikipedia.org/wiki/Al-Mahdi,74.3581356,Politician,مهدی (خلیفه)
Shah Rukh,1377,1447,https://en.wikipedia.org/wiki/Shah Rukh,74.27769254,Politician,شاهرخ
Bessus,-400,-329,https://en.wikipedia.org/wiki/Bessus,74.21356797,Politician,اردشیر پنجم
Naser al-Din Shah Qajar,1831,1896,https://en.wikipedia.org/wiki/Naser al-Din Shah Qajar,74.12801826,Politician,ناصرالدین‌شاه
Agha Mohammad Khan Qajar,1742,1797,https://en.wikipedia.org/wiki/Agha Mohammad Khan Qajar,74.11472214,Politician,آقامحمدخان قاجار
Shapur II,309,379,https://en.wikipedia.org/wiki/Shapur II,73.88016038,Politician,شاپور دوم
Parmenion,-400,-329,https://en.wikipedia.org/wiki/Parmenion,73.81047196,Military Personnel,پارمنیون
Achaemenes,-800,-700,https://en.wikipedia.org/wiki/Achaemenes,73.67071329,Politician,هخامنش
Ibn Majah,824,886,https://en.wikipedia.org/wiki/Ibn Majah,73.42293849,Religious Figure,ابن ماجه
Moshe Katsav,1945,,https://en.wikipedia.org/wiki/Moshe Katsav,73.17448343,Politician,موشه کاتساو
William Baffin,1584,1622,https://en.wikipedia.org/wiki/William Baffin,73.1624183,Explorer,ویلیام بافین
Psamtik III,-590,-525,https://en.wikipedia.org/wiki/Psamtik III,73.15404291,Politician,پسامتیک سوم
Abbas II of Persia,1633,1666,https://en.wikipedia.org/wiki/Abbas II of Persia,73.13181554,Politician,شاه عباس دوم
Tekuder,1247,1284,https://en.wikipedia.org/wiki/Tekuder,72.96901692,Politician,احمد تگودار
Ahmad Shah Qajar,1898,1930,https://en.wikipedia.org/wiki/Ahmad Shah Qajar,72.96282481,Politician,احمدشاه
Öljaitü,1280,1316,https://en.wikipedia.org/wiki/Öljaitü,72.90195386,Politician,محمد خدابنده اولجایتو
Mazdak,450,529,https://en.wikipedia.org/wiki/Mazdak,72.8258362,Philosopher,مزدک
Masoud Barzani,1946,,https://en.wikipedia.org/wiki/Masoud Barzani,72.81681183,Politician,مسعود بارزانی
Ismail II,1533,1577,https://en.wikipedia.org/wiki/Ismail II,72.81596874,Politician,شاه اسماعیل دوم
Atossa,-550,-475,https://en.wikipedia.org/wiki/Atossa,72.62808417,Politician,آتوسا
Mohammad Khodabanda,1531,1595,https://en.wikipedia.org/wiki/Mohammad Khodabanda,72.46217793,Politician,شاه محمد خدابنده
Safi of Persia,1611,1642,https://en.wikipedia.org/wiki/Safi of Persia,72.34766695,Politician,شاه صفی یکم
Abolhassan Banisadr,1933,,https://en.wikipedia.org/wiki/Abolhassan Banisadr,72.16231573,Politician,ابوالحسن بنی‌صدر
Al-Hadi,764,786,https://en.wikipedia.org/wiki/Al-Hadi,72.14415834,Politician,هادی (خلیفه)
Mohammad Ali Shah Qajar,1872,1925,https://en.wikipedia.org/wiki/Mohammad Ali Shah Qajar,72.10699124,Politician,محمدعلی‌شاه
Mohammad Khatami,1943,,https://en.wikipedia.org/wiki/Mohammad Khatami,72.06982469,Politician,سید محمد خاتمی
Ali Shariati,1933,1977,https://en.wikipedia.org/wiki/Ali Shariati,71.92303346,Writer,علی شریعتی
Shahab al-Din Yahya ibn Habash Suhrawardi,1155,1191,https://en.wikipedia.org/wiki/Shahab al-Din Yahya ibn Habash Suhrawardi,71.86883537,Philosopher,شهاب‌الدین یحیی سهروردی
Antiochus VII Sidetes,-159,-129,https://en.wikipedia.org/wiki/Antiochus VII Sidetes,71.83114928,Politician,آنتیوخوس هفتم
Bahram V,406,438,https://en.wikipedia.org/wiki/Bahram V,71.72475468,Politician,بهرام گور
Shahnaz Pahlavi,1940,,https://en.wikipedia.org/wiki/Shahnaz Pahlavi,71.63310279,Companion,شهناز پهلوی
Mithridates I of Parthia,-195,-132,https://en.wikipedia.org/wiki/Mithridates I of Parthia,71.62481698,Politician,مهرداد یکم
Abu Sa'id Bahadur Khan,1305,1335,https://en.wikipedia.org/wiki/Abu Sa'id Bahadur Khan,71.54293399,Politician,ابوسعید بهادرخان
Ali al-Sistani,1930,,https://en.wikipedia.org/wiki/Ali al-Sistani,71.54115918,Politician,سید علی سیستانی
Piruz Nahavandi,600,644,https://en.wikipedia.org/wiki/Piruz Nahavandi,71.3780228,Religious Figure,پیروز نهاوندی
Mozaffar ad-Din Shah Qajar,1853,1907,https://en.wikipedia.org/wiki/Mozaffar ad-Din Shah Qajar,71.27556186,Politician,مظفرالدین‌شاه
Haji Bektash Veli,1209,1271,https://en.wikipedia.org/wiki/Haji Bektash Veli,71.20587602,Philosopher,محمد بکتاش
Datis,-600,-490,https://en.wikipedia.org/wiki/Datis,71.12486674,Military Personnel,داتی‌یه
Miskawayh,932,1030,https://en.wikipedia.org/wiki/Miskawayh,71.06125729,Philosopher,ابوعلی مسکویه
Alexander Griboyedov,1795,1829,https://en.wikipedia.org/wiki/Alexander Griboyedov,70.81513006,Writer,الکساندر گریبایدوف
Fath-Ali Shah Qajar,1772,1834,https://en.wikipedia.org/wiki/Fath-Ali Shah Qajar,70.79084616,Politician,فتحعلی‌شاه
Demetrius II Nicator,-161,-125,https://en.wikipedia.org/wiki/Demetrius II Nicator,70.75560594,Politician,دیمتریوس دوم
Bardiya,-580,-522,https://en.wikipedia.org/wiki/Bardiya,70.66102009,Politician,بردیا
Artavasdes II of Armenia,-100,-31,https://en.wikipedia.org/wiki/Artavasdes II of Armenia,70.65238188,Politician,آرتاوازد دوم
Karim Khan Zand,1705,1779,https://en.wikipedia.org/wiki/Karim Khan Zand,70.6174507,Politician,کریم‌خان زند
Yazdegerd II,421,457,https://en.wikipedia.org/wiki/Yazdegerd II,70.59173314,Politician,یزدگرد دوم
Fakhr al-Din al-Razi,1149,1209,https://en.wikipedia.org/wiki/Fakhr al-Din al-Razi,70.55897687,Philosopher,فخر رازی
Yazdegerd I,400,421,https://en.wikipedia.org/wiki/Yazdegerd I,70.52720608,Politician,یزدگرد یکم
Tahmasp II,1704,1740,https://en.wikipedia.org/wiki/Tahmasp II,70.49194517,Politician,شاه تهماسب دوم
Bahram Chobin,550,592,https://en.wikipedia.org/wiki/Bahram Chobin,70.4870542,Military Personnel,بهرام چوبین
Mulla Sadra,1571,1636,https://en.wikipedia.org/wiki/Mulla Sadra,70.41617857,Philosopher,ملاصدرا
Mohammad Shah Qajar,1808,1848,https://en.wikipedia.org/wiki/Mohammad Shah Qajar,70.34857251,Politician,محمدشاه
Vologases I of Parthia,1,78,https://en.wikipedia.org/wiki/Vologases I of Parthia,70.20511453,Politician,بلاش یکم
Qazi Muhammad,1893,1947,https://en.wikipedia.org/wiki/Qazi Muhammad,70.19788645,Politician,قاضی محمد
Bar Hebraeus,1226,1286,https://en.wikipedia.org/wiki/Bar Hebraeus,70.15782497,Writer,ابن عبری
Arses of Persia,-360,-336,https://en.wikipedia.org/wiki/Arses of Persia,70.15099086,Politician,اردشیر چهارم
Barkiyaruq,1081,1104,https://en.wikipedia.org/wiki/Barkiyaruq,70.07775037,Politician,برکیارق
Gaykhatu,1259,1295,https://en.wikipedia.org/wiki/Gaykhatu,69.98897943,Politician,گیخاتو خان
Abu Hanifa Dinawari,815,896,https://en.wikipedia.org/wiki/Abu Hanifa Dinawari,69.93598073,Astronomer,ابوحنیفه دینوری
Anastasius of Persia,550,628,https://en.wikipedia.org/wiki/Anastasius of Persia,69.91383882,Religious Figure,آناستاسیوس پارسی
Arsaces I of Parthia,-280,-217,https://en.wikipedia.org/wiki/Arsaces I of Parthia,69.88273576,Politician,ارشک یکم
Mohammad-Ali Rajai,1933,1981,https://en.wikipedia.org/wiki/Mohammad-Ali Rajai,69.85405744,Politician,محمدعلی رجایی
Abdullah al-Mahdi Billah,873,934,https://en.wikipedia.org/wiki/Abdullah al-Mahdi Billah,69.77652416,Politician,عبیدالله مهدی
Abbas III,1732,1740,https://en.wikipedia.org/wiki/Abbas III,69.70440747,Politician,شاه عباس سوم
Phraates IV,-90,-2,https://en.wikipedia.org/wiki/Phraates IV,69.67383451,Politician,فرهاد چهارم
Safi-ad-din Ardabili,1252,1334,https://en.wikipedia.org/wiki/Safi-ad-din Ardabili,69.66774438,Religious Figure,شیخ صفی‌الدین اردبیلی
Artabanus IV of Parthia,200,224,https://en.wikipedia.org/wiki/Artabanus IV of Parthia,69.65819758,Politician,اردوان چهارم
Magtymguly Pyragy,1733,1807,https://en.wikipedia.org/wiki/Magtymguly Pyragy,69.61017118,Writer,مختوم‌قلی فراغی
Suleiman of Persia,1647,1694,https://en.wikipedia.org/wiki/Suleiman of Persia,69.42637211,Politician,شاه سلیمان یکم
`Abdu'l-Bahá,1844,1921,https://en.wikipedia.org/wiki/`Abdu'l-Bahá,69.38548295,Religious Figure,عبدالبهاء
Al-Bayhaqi,994,1066,https://en.wikipedia.org/wiki/Al-Bayhaqi,69.32070703,Religious Figure,ابوبکر بیهقی
Alexandre de Rhodes,1591,1660,https://en.wikipedia.org/wiki/Alexandre de Rhodes,69.30522506,Linguist,الکساندر درودیس
Phraates V,-100,4,https://en.wikipedia.org/wiki/Phraates V,69.29871633,Politician,فرهاد پنجم
Qutb al-Din al-Shirazi,1236,1311,https://en.wikipedia.org/wiki/Qutb al-Din al-Shirazi,69.26875436,Mathematician,قطب‌الدین شیرازی
Fatimah bint Musa,790,816,https://en.wikipedia.org/wiki/Fatimah bint Musa,69.21946419,Religious Figure,فاطمه معصومه
Mehran Karimi Nasseri,1942,,https://en.wikipedia.org/wiki/Mehran Karimi Nasseri,69.19057246,Celebrity,مهران کریمی ناصری
Sibawayh,760,797,https://en.wikipedia.org/wiki/Sibawayh,69.04617964,Linguist,سیبویه
Khalil Sultan,1384,1411,https://en.wikipedia.org/wiki/Khalil Sultan,69.03749111,Politician,خلیل سلطان
Teispes,-675,-640,https://en.wikipedia.org/wiki/Teispes,69.02598267,Politician,چیش‌پیش
Osroes I,50,129,https://en.wikipedia.org/wiki/Osroes I,69.02349411,Politician,خسرو یکم، شاهنشاه اشکانی
Sultan Husayn,1668,1726,https://en.wikipedia.org/wiki/Sultan Husayn,69.00325261,Politician,شاه سلطان حسین
Ibn al-Muqaffa',724,756,https://en.wikipedia.org/wiki/Ibn al-Muqaffa',68.969035,Writer,ابن مقفع
Harpagus,-700,-600,https://en.wikipedia.org/wiki/Harpagus,68.91382161,Military Personnel,هارپاگ
Al-Karaji,953,1029,https://en.wikipedia.org/wiki/Al-Karaji,68.90483594,Mathematician,ابوبکر کرجی
Istakhri,850,957,https://en.wikipedia.org/wiki/Istakhri,68.8928514,Politician,اصطخری
Abu Nasr Mansur,960,1036,https://en.wikipedia.org/wiki/Abu Nasr Mansur,68.78969157,Mathematician,بونصر منصور
Adel Shah,1719,1749,https://en.wikipedia.org/wiki/Adel Shah,68.74824942,Politician,عادل‌شاه
Abbas Mirza,1789,1833,https://en.wikipedia.org/wiki/Abbas Mirza,68.73018351,Politician,عباس میرزا
Forough Farrokhzad,1935,1967,https://en.wikipedia.org/wiki/Forough Farrokhzad,68.71963988,Writer,فروغ فرخزاد
Ata-Malik Juvayni,1226,1283,https://en.wikipedia.org/wiki/Ata-Malik Juvayni,68.7028092,Politician,عطاملک جوینی
Khaqani,1126,1199,https://en.wikipedia.org/wiki/Khaqani,68.61599093,Writer,خاقانی
Musa al-Sadr,1928,1978,https://en.wikipedia.org/wiki/Musa al-Sadr,68.48016997,Social Activist,سید موسی صدر
Qara Yusuf,1357,1420,https://en.wikipedia.org/wiki/Qara Yusuf,68.2019236,Politician,قرا یوسف
Al-Juwayni,1028,1085,https://en.wikipedia.org/wiki/Al-Juwayni,68.03848082,Religious Figure,امام‌الحرمین جوینی
Shapour Bakhtiar,1914,1991,https://en.wikipedia.org/wiki/Shapour Bakhtiar,67.8147912,Politician,شاپور بختیار
Mir-Hossein Mousavi,1942,,https://en.wikipedia.org/wiki/Mir-Hossein Mousavi,67.78071728,Politician,میرحسین موسوی
Sisygambis,-383,-323,https://en.wikipedia.org/wiki/Sisygambis,67.77234597,Politician,سی‌سی‌گامبیس
Sadegh Hedayat,1903,1951,https://en.wikipedia.org/wiki/Sadegh Hedayat,67.75562804,Writer,صادق هدایت
Surena,-84,-52,https://en.wikipedia.org/wiki/Surena,67.65603048,Military Personnel,سورنا
Ashraf Pahlavi,1919,2016,https://en.wikipedia.org/wiki/Ashraf Pahlavi,67.64396719,Politician,اشرف پهلوی
Jahan Shah,1397,1467,https://en.wikipedia.org/wiki/Jahan Shah,67.62366482,Politician,جهانشاه
Arsames,-550,-522,https://en.wikipedia.org/wiki/Arsames,67.61585651,Politician,آرشام
Ibn al-Rawandi,827,911,https://en.wikipedia.org/wiki/Ibn al-Rawandi,67.59528128,Philosopher,ابن راوندی
Vologases VI,200,228,https://en.wikipedia.org/wiki/Vologases VI,67.5492797,Politician,بلاش ششم
Chaghri Beg,989,1060,https://en.wikipedia.org/wiki/Chaghri Beg,67.54667792,Politician,چغری بیک
Hussein-Ali Montazeri,1922,2009,https://en.wikipedia.org/wiki/Hussein-Ali Montazeri,67.54092911,Politician,حسینعلی منتظری
Drypetis,-400,-323,https://en.wikipedia.org/wiki/Drypetis,67.53212228,Politician,دری‌په‌تیس
Baydu,1255,1295,https://en.wikipedia.org/wiki/Baydu,67.41427919,Politician,بایدو خان
Abu al-Faraj al-Isfahani,897,967,https://en.wikipedia.org/wiki/Abu al-Faraj al-Isfahani,67.24481236,Historian,ابوالفرج اصفهانی
Ala ad-Din Tekish,1132,1200,https://en.wikipedia.org/wiki/Ala ad-Din Tekish,67.22120327,Politician,علاءالدین تکش
Mithridates II of Parthia,-150,-88,https://en.wikipedia.org/wiki/Mithridates II of Parthia,67.12913634,Politician,مهرداد دوم
Muhammad al-Shaybani,750,805,https://en.wikipedia.org/wiki/Muhammad al-Shaybani,67.11823002,Lawyer,محمد الشیبانی
Miran Shah,1366,1408,https://en.wikipedia.org/wiki/Miran Shah,67.08687434,Politician,جلال‌الدین میران‌شاه تیموری
Tutush I,1066,1095,https://en.wikipedia.org/wiki/Tutush I,67.08457942,Politician,تتش
'Adud al-Dawla,936,983,https://en.wikipedia.org/wiki/'Adud al-Dawla,67.07870638,Politician,عضدالدوله دیلمی
Al-Shahrastani,1086,1153,https://en.wikipedia.org/wiki/Al-Shahrastani,67.06527737,Philosopher,محمد بن عبدالکریم شهرستانی
Reza Abbasi,1565,1635,https://en.wikipedia.org/wiki/Reza Abbasi,67.06338123,Painter,رضا عباسی
Vologases III of Parthia,100,200,https://en.wikipedia.org/wiki/Vologases III of Parthia,67.04720616,Politician,بلاش سوم
Barbet Schroeder,1941,,https://en.wikipedia.org/wiki/Barbet Schroeder,67.03634855,Film Director,باربت شرودر
Táhirih,1817,1852,https://en.wikipedia.org/wiki/Táhirih,67.03053418,Writer,طاهره قرةالعین
Arsaces II of Parthia,-300,-191,https://en.wikipedia.org/wiki/Arsaces II of Parthia,67.00469551,Politician,ارشک دوم
Muhammad ibn Ya'qub al-Kulayni,864,941,https://en.wikipedia.org/wiki/Muhammad ibn Ya'qub al-Kulayni,66.97977087,Religious Figure,شیخ کلینی
Ar-Rashid,1109,1138,https://en.wikipedia.org/wiki/Ar-Rashid,66.96693062,Politician,راشد بالله
Vardan Mamikonian,388,451,https://en.wikipedia.org/wiki/Vardan Mamikonian,66.94273586,Politician,وارتان مامیکونیان
Muhammad I Tapar,1082,1118,https://en.wikipedia.org/wiki/Muhammad I Tapar,66.93778918,Politician,محمد یکم سلجوقی
Vologases IV,150,191,https://en.wikipedia.org/wiki/Vologases IV,66.89905888,Politician,بلاش چهارم
Mahmud Hotak,1697,1725,https://en.wikipedia.org/wiki/Mahmud Hotak,66.88052054,Politician,محمود هوتکی
Sinatruces of Parthia,-157,-70,https://en.wikipedia.org/wiki/Sinatruces of Parthia,66.87567227,Politician,سیناتروک یکم
Mehdi Bazargan,1907,1995,https://en.wikipedia.org/wiki/Mehdi Bazargan,66.81629127,Politician,مهدی بازرگان
Ibn Babawayh,918,992,https://en.wikipedia.org/wiki/Ibn Babawayh,66.7711423,Religious Figure,شیخ صدوق
Shaykh Tusi,995,1067,https://en.wikipedia.org/wiki/Shaykh Tusi,66.73469212,Religious Figure,شیخ طوسی
Muhammad Husayn Tabatabai,1892,1981,https://en.wikipedia.org/wiki/Muhammad Husayn Tabatabai,66.69453782,Philosopher,سید محمدحسین طباطبایی
Peithon,-355,-316,https://en.wikipedia.org/wiki/Peithon,66.48491227,Military Personnel,پیثون
Baba Tahir,947,1032,https://en.wikipedia.org/wiki/Baba Tahir,66.45150165,Writer,باباطاهر
Shohreh Aghdashloo,1952,,https://en.wikipedia.org/wiki/Shohreh Aghdashloo,66.43979596,Actor,شهره آغداشلو
Shutruk-Nakhunte,-1300,-1155,https://en.wikipedia.org/wiki/Shutruk-Nakhunte,66.31869499,Politician,شوتروک ناهونته یکم
Zakariya al-Qazwini,1203,1283,https://en.wikipedia.org/wiki/Zakariya al-Qazwini,66.28143684,Politician,زکریای قزوینی
Pharnabazus II,-500,-460,https://en.wikipedia.org/wiki/Pharnabazus II,66.26749044,Politician,فارناباز دوم
Abu Sa'id Abu'l-Khayr,967,1049,https://en.wikipedia.org/wiki/Abu Sa'id Abu'l-Khayr,66.20021191,Religious Figure,ابوسعید ابوالخیر
Mohammad-Baqer Majlesi,1627,1699,https://en.wikipedia.org/wiki/Mohammad-Baqer Majlesi,66.14348933,Religious Figure,محمدباقر مجلسی
Abu al-Qasim al-Khoei,1899,1992,https://en.wikipedia.org/wiki/Abu al-Qasim al-Khoei,66.13654183,Social Activist,سید ابوالقاسم خویی
Phriapatius,-290,-176,https://en.wikipedia.org/wiki/Phriapatius,66.06032393,Politician,فریاپت
Reza Pahlavi,1960,,https://w.wiki/9C6E,66.026591,Nobleman,رضا پهلوی
Orodes III of Parthia,-100,6,https://en.wikipedia.org/wiki/Orodes III of Parthia,65.82342442,Politician,ارد سوم
Bahāʾ al-dīn al-ʿĀmilī,1547,1621,https://en.wikipedia.org/wiki/Bahāʾ al-dīn al-ʿĀmilī,65.72264149,Philosopher,شیخ بهایی
Farrokhroo Parsa,1922,1980,https://en.wikipedia.org/wiki/Farrokhroo Parsa,65.66923013,Politician,فرخ‌رو پارسا
Googoosh,1950,,https://en.wikipedia.org/wiki/Googoosh,65.64126125,Singer,گوگوش
Sati Beg,1300,1345,https://en.wikipedia.org/wiki/Sati Beg,65.52335217,Politician,ساتی‌بیگ
Ali Daei,1969,,https://en.wikipedia.org/wiki/Ali Daei,65.49404183,Soccer Player,علی دایی
Mohammad-Hossein Shahriar,1906,1988,https://en.wikipedia.org/wiki/Mohammad-Hossein Shahriar,65.4128522,Writer,شهریار (شاعر)
Shihab al-Din 'Umar al-Suhrawardi,1145,1234,https://en.wikipedia.org/wiki/Shihab al-Din 'Umar al-Suhrawardi,65.38741177,Philosopher,شهاب‌الدین عمر سهروردی
Inayatullah Khan,1888,1946,https://en.wikipedia.org/wiki/Inayatullah Khan,65.34172089,Politician,عنایت‌الله شاه
Shams Pahlavi,1917,1996,https://en.wikipedia.org/wiki/Shams Pahlavi,65.22427758,Politician,شمس پهلوی
Ebrahim Afshar,1717,1748,https://en.wikipedia.org/wiki/Ebrahim Afshar,65.21875218,Politician,ابراهیم‌شاه
Shahrokh Shah,1734,1796,https://en.wikipedia.org/wiki/Shahrokh Shah,65.17752126,Politician,شاهرخ‌شاه
Mandane of Media,-584,-559,https://en.wikipedia.org/wiki/Mandane of Media,65.16725953,Politician,ماندانا
Mahmud I of Great Seljuq,1088,1094,https://en.wikipedia.org/wiki/Mahmud I of Great Seljuq,65.13657198,Politician,محمود اول سلجوقی
Ya'qub ibn al-Layth al-Saffar,840,879,https://en.wikipedia.org/wiki/Ya'qub ibn al-Layth al-Saffar,65.12912304,Politician,یعقوب لیث
Daqiqi,935,977,https://en.wikipedia.org/wiki/Daqiqi,64.98421325,Writer,دقیقی
Fazlollah Zahedi,1897,1963,https://en.wikipedia.org/wiki/Fazlollah Zahedi,64.97709269,Politician,فضل‌الله زاهدی
Ahmad Shamlou,1925,2000,https://en.wikipedia.org/wiki/Ahmad Shamlou,64.87517225,Writer,احمد شاملو
Lotf Ali Khan,1769,1794,https://en.wikipedia.org/wiki/Lotf Ali Khan,64.71905176,Politician,لطفعلی‌خان زند
Imad ad-Din al-Isfahani,1125,1201,https://en.wikipedia.org/wiki/Imad ad-Din al-Isfahani,64.67688161,Writer,عمادالدین اصفهانی
Seyyed Hossein Borujerdi,1875,1961,https://en.wikipedia.org/wiki/Seyyed Hossein Borujerdi,64.60674631,Religious Figure,سید حسین طباطبایی بروجردی
Gholamreza Takhti,1930,1968,https://en.wikipedia.org/wiki/Gholamreza Takhti,64.60642152,Wrestler,غلامرضا تختی
Hossein Nasr,1933,,https://en.wikipedia.org/wiki/Hossein Nasr,64.594969,Philosopher,سید حسین نصر
Sharaf al-Dīn al-Ṭūsī,1135,1213,https://en.wikipedia.org/wiki/Sharaf al-Dīn al-Ṭūsī,64.48533209,Mathematician,شرف‌الدین طوسی
Morteza Motahhari,1919,1979,https://en.wikipedia.org/wiki/Morteza Motahhari,64.46190208,Politician,مرتضی مطهری
Albert Lamorisse,1922,1970,https://en.wikipedia.org/wiki/Albert Lamorisse,64.44874833,Film Director,آلبرت لاموریس
Jafar Panahi,1960,,https://en.wikipedia.org/wiki/Jafar Panahi,64.40419079,Film Director,جعفر پناهی
Hamdallah Mustawfi,1281,1349,https://en.wikipedia.org/wiki/Hamdallah Mustawfi,64.23644182,Writer,حمدالله مستوفی
Mohammad-Reza Shajarian,1940,,https://en.wikipedia.org/wiki/Mohammad-Reza Shajarian,64.20950746,Singer,محمدرضا شجریان
Abdallah ibn Tahir al-Khurasani,798,844,https://en.wikipedia.org/wiki/Abdallah ibn Tahir al-Khurasani,64.20399742,Politician,عبدالله بن طاهر
Subh-i-Azal,1831,1912,https://en.wikipedia.org/wiki/Subh-i-Azal,64.00059618,Writer,یحیی صبح ازل
Amir Kabir,1807,1852,https://en.wikipedia.org/wiki/Amir Kabir,63.97752662,Politician,امیرکبیر
Maryam Mirzakhani,1977,2017,https://en.wikipedia.org/wiki/Maryam Mirzakhani,63.93849292,Mathematician,مریم میرزاخانی
Shaul Mofaz,1948,,https://en.wikipedia.org/wiki/Shaul Mofaz,63.89154945,Politician,شائول موفاز
Amir-Abbas Hoveyda,1919,1979,https://en.wikipedia.org/wiki/Amir-Abbas Hoveyda,63.86942362,Politician,امیرعباس هویدا
Badi' al-Zaman al-Hamadani,967,1007,https://en.wikipedia.org/wiki/Badi' al-Zaman al-Hamadani,63.81171753,Writer,بدیع‌الزمان همدانی
Mostafa Chamran,1932,1981,https://en.wikipedia.org/wiki/Mostafa Chamran,63.80239097,Politician,مصطفی چمران
Abu Bakr bin Yahya al-Suli,854,946,https://en.wikipedia.org/wiki/Abu Bakr bin Yahya al-Suli,63.71352308,Religious Figure,ابوبکر صولی
Mohammad Beheshti,1928,1981,https://en.wikipedia.org/wiki/Mohammad Beheshti,63.64042855,Politician,سید محمد بهشتی
Gotarzes II of Parthia,10,51,https://en.wikipedia.org/wiki/Gotarzes II of Parthia,63.61817256,Politician,گودرز دوم
Ashur-nadin-shumi,-800,-694,https://en.wikipedia.org/wiki/Ashur-nadin-shumi,63.56492174,Politician,آشور-نادین-شومی
Aga Khan I,1800,1881,https://en.wikipedia.org/wiki/Aga Khan I,63.56410472,Politician,آقاخان اول
Mansour Bahrami,1956,,https://en.wikipedia.org/wiki/Mansour Bahrami,63.52394468,Tennis Player,منصور بهرامی
Cassandra Clare,1973,,https://en.wikipedia.org/wiki/Cassandra Clare,63.38705575,Writer,کاساندرا کلر
Mahmoud Shabestari,1288,1340,https://en.wikipedia.org/wiki/Mahmoud Shabestari,63.33354765,Writer,محمود شبستری
Asghar Farhadi,1972,,https://en.wikipedia.org/wiki/Asghar Farhadi,63.24527916,Film Director,اصغر فرهادی
Nima Yooshij,1897,1960,https://en.wikipedia.org/wiki/Nima Yooshij,63.22932475,Writer,نیما یوشیج
Marjane Satrapi,1969,,https://en.wikipedia.org/wiki/Marjane Satrapi,63.22068827,Comic Artist,مرجان ساتراپی
Sohrab Sepehri,1928,1980,https://en.wikipedia.org/wiki/Sohrab Sepehri,63.20485239,Writer,سهراب سپهری
Vonones II,-25,51,https://en.wikipedia.org/wiki/Vonones II,63.14020738,Politician,ونون دوم
Phraates I,-190,-171,https://en.wikipedia.org/wiki/Phraates I,63.12550037,Politician,فرهاد یکم
Mithridates V of Parthia,100,140,https://en.wikipedia.org/wiki/Mithridates V of Parthia,63.11720318,Politician,مهرداد پنجم
Orodes I of Parthia,-190,-90,https://en.wikipedia.org/wiki/Orodes I of Parthia,63.09106523,Politician,ارد یکم
Aga Khan II,1830,1885,https://en.wikipedia.org/wiki/Aga Khan II,63.04053003,Religious Figure,آقاخان دوم
Raffi,1835,1888,https://en.wikipedia.org/wiki/Raffi_(novelist),63.03319456,Writer,رافی
Ahmad Kasravi,1890,1946,https://en.wikipedia.org/wiki/Ahmad Kasravi,63.01361662,Historian,احمد کسروی
Abolqasem Lahouti,1887,1957,https://en.wikipedia.org/wiki/Abolqasem Lahouti,62.94049174,Writer,ابوالقاسم لاهوتی
Ahmad Jannati,1927,,https://en.wikipedia.org/wiki/Ahmad Jannati,62.83549496,Politician,احمد جنتی
Mehdi Karroubi,1937,,https://en.wikipedia.org/wiki/Mehdi Karroubi,62.75651192,Politician,مهدی کروبی
Ubayd Zakani,1301,1371,https://en.wikipedia.org/wiki/Ubayd Zakani,62.69249362,Writer,عبید زاکانی
Ahmad Qavam,1876,1955,https://en.wikipedia.org/wiki/Ahmad Qavam,62.67782137,Politician,احمد قوام
Ariobarzanes of Persis,-368,-330,https://en.wikipedia.org/wiki/Ariobarzanes of Persis,62.66394362,Politician,آریوبرزن
Vardanes I,10,47,https://en.wikipedia.org/wiki/Vardanes I,62.61552804,Politician,وردان یکم
Anousheh Ansari,1966,,https://en.wikipedia.org/wiki/Anousheh Ansari,62.5591639,Engineer,انوشه انصاری
Pacorus I,-63,-38,https://en.wikipedia.org/wiki/Pacorus I,62.5233382,Politician,پاکور یکم
Gotarzes I,-200,-90,https://en.wikipedia.org/wiki/Gotarzes I,62.43817268,Politician,گودرز یکم
Parvin E'tesami,1907,1941,https://en.wikipedia.org/wiki/Parvin E'tesami,62.39048934,Writer,پروین اعتصامی
Ali-Morad Khan Zand,1740,1785,https://en.wikipedia.org/wiki/Ali-Morad Khan Zand,62.29851162,Politician,علیمرادخان زند
Mahmud II,1105,1131,https://en.wikipedia.org/wiki/Mahmud II,62.26103828,Politician,محمود دوم
Ali-Reza Pahlavi,1966,2011,https://en.wikipedia.org/wiki/Ali-Reza Pahlavi,62.2427312,Nobleman,علی‌رضا پهلوی
Fatemeh Rahbar,1964,2020,https://en.wikipedia.org/wiki/Fatemeh Rahbar,62.23828167,Politician,فاطمه رهبر
Hossein Sheikholeslam,1952,2020,https://en.wikipedia.org/wiki/Hossein Sheikholeslam,61.97592896,Politician,حسین شیخ‌الاسلام
Jafar Khan,1740,1789,https://en.wikipedia.org/wiki/Jafar Khan,61.95526585,Politician,جعفرخان زند
Behrouz Vossoughi,1938,,https://en.wikipedia.org/wiki/Behrouz Vossoughi,61.92408181,Actor,بهروز وثوقی
Simin Behbahani,1927,2014,https://en.wikipedia.org/wiki/Simin Behbahani,61.90721715,Writer,سیمین بهبهانی
Leila Pahlavi,1970,2001,https://en.wikipedia.org/wiki/Leila Pahlavi,61.90097719,Companion,لیلا پهلوی
Mohammad-Taqi Bahar,1886,1951,https://en.wikipedia.org/wiki/Mohammad-Taqi Bahar,61.89423927,Writer,محمدتقی بهار
Mohammad Kazem Shariatmadari,1906,1986,https://en.wikipedia.org/wiki/Mohammad Kazem Shariatmadari,61.82755466,Religious Figure,سید محمدکاظم شریعتمداری
Amastrine,-400,-284,https://en.wikipedia.org/wiki/Amastrine,61.81034665,Politician,آماستریس
Samad Behrangi,1939,1967,https://en.wikipedia.org/wiki/Samad Behrangi,61.67691844,Writer,صمد بهرنگی
Abu'l-Fadl Bayhaqi,995,1077,https://en.wikipedia.org/wiki/Abu'l-Fadl Bayhaqi,61.5213784,Writer,ابوالفضل بیهقی
Asadi Tusi,999,1072,https://en.wikipedia.org/wiki/Asadi Tusi,61.51981241,Writer,اسدی توسی
Sami Yusuf,1980,,https://en.wikipedia.org/wiki/Sami Yusuf,61.43201535,Singer,سامی یوسف
Farahnaz Pahlavi,1963,,https://en.wikipedia.org/wiki/Farahnaz Pahlavi,61.38192621,Politician,فرحناز پهلوی
Majid Majidi,1959,,https://en.wikipedia.org/wiki/Majid Majidi,61.36814504,Film Director,مجید مجیدی
Mohammad Javad Zarif,1960,,https://en.wikipedia.org/wiki/Mohammad Javad Zarif,61.36246647,Politician,محمدجواد ظریف
Mohammad-Javad Bahonar,1933,1981,https://en.wikipedia.org/wiki/Mohammad-Javad Bahonar,61.3210354,Politician,محمدجواد باهنر
Jalal Al-e-Ahmad,1923,1969,https://en.wikipedia.org/wiki/Jalal Al-e-Ahmad,61.30075039,Writer,جلال آل احمد
Mardavij,890,935,https://en.wikipedia.org/wiki/Mardavij,61.20479121,Politician,مرداویج زیاری
Arash,1977,,https://en.wikipedia.org/wiki/Arash,61.14283823,Singer,آرش کمانگیر
Iraj Mirza,1874,1926,https://en.wikipedia.org/wiki/Iraj Mirza,61.13495025,Writer,ایرج میرزا
Mahmoud Taleghani,1911,1979,https://en.wikipedia.org/wiki/Mahmoud Taleghani,61.094144,Social Activist,سید محمود طالقانی
Jean de Thévenot,1633,1667,https://en.wikipedia.org/wiki/Jean de Thévenot,61.07338895,Biologist,ژان ته ونو
Abdolkarim Soroush,1945,,https://en.wikipedia.org/wiki/Abdolkarim Soroush,61.05244404,Philosopher,عبدالکریم سروش
Nasrin Sotoudeh,1963,,https://en.wikipedia.org/wiki/Nasrin Sotoudeh,61.04583598,Social Activist,نسرین ستوده
Mohammad-Reza Mahdavi Kani,1931,2014,https://en.wikipedia.org/wiki/Mohammad-Reza Mahdavi Kani,61.03742756,Politician,محمدرضا مهدوی کنی
Simin Daneshvar,1921,2012,https://en.wikipedia.org/wiki/Simin Daneshvar,61.01830029,Writer,سیمین دانشور
Sadeq Khan Zand,1730,1782,https://en.wikipedia.org/wiki/Sadeq Khan Zand,61.00504114,Politician,صادق‌خان زند
Shaun Toub,1963,,https://en.wikipedia.org/wiki/Shaun Toub,60.98032057,Actor,شان توب
Masoud Kimiai,1941,,https://en.wikipedia.org/wiki/Masoud Kimiai,60.95276334,Film Director,مسعود کیمیایی
Ali Akbar Velayati,1945,,https://en.wikipedia.org/wiki/Ali Akbar Velayati,60.93296512,Politician,علی‌اکبر ولایتی
Dariush Mehrjui,1939,,https://en.wikipedia.org/wiki/Dariush Mehrjui,60.90751841,Film Director,داریوش مهرجویی
Bahram Beyzai,1938,,https://en.wikipedia.org/wiki/Bahram Beyzai,60.87532118,Writer,بهرام بیضایی
Kazim Rashti,1793,1843,https://en.wikipedia.org/wiki/Kazim Rashti,60.82297757,Religious Figure,سید کاظم رشتی
Kamal-ol-molk,1848,1940,https://en.wikipedia.org/wiki/Kamal-ol-molk,60.82271078,Painter,کمال‌الملک
Mohammad Ali Khan Zand,1760,1779,https://en.wikipedia.org/wiki/Mohammad Ali Khan Zand,60.80125459,Politician,محمدعلی‌خان زند
The Iron Sheik,1942,,https://en.wikipedia.org/wiki/The Iron Sheik,60.73316392,Wrestler,شیخ آهنین
Sayed Morad Khan,1730,1789,https://en.wikipedia.org/wiki/Sayed Morad Khan,60.72843988,Politician,صیدمرادخان زند
Mohammad-Ali Jamalzadeh,1892,1997,https://en.wikipedia.org/wiki/Mohammad-Ali Jamalzadeh,60.72631824,Writer,محمدعلی جمال‌زاده
Kader Abdolah,1954,,https://en.wikipedia.org/wiki/Kader Abdolah,60.6947084,Writer,قادر عبدالله
Shirin Neshat,1957,,https://en.wikipedia.org/wiki/Shirin Neshat,60.69447576,Film Director,شیرین نشاط
Haj Ali Razmara,1901,1951,https://en.wikipedia.org/wiki/Haj Ali Razmara,60.40724232,Politician,حاجعلی رزم‌آرا
Bozorg Alavi,1904,1997,https://en.wikipedia.org/wiki/Bozorg Alavi,60.3688604,Writer,بزرگ علوی
Navid Negahban,1968,,https://en.wikipedia.org/wiki/Navid Negahban,60.34780787,Actor,نوید نگهبان
Ali-Akbar Dehkhoda,1879,1959,https://en.wikipedia.org/wiki/Ali-Akbar Dehkhoda,60.32028999,Linguist,علی‌اکبر دهخدا
Mohsen Makhmalbaf,1957,,https://en.wikipedia.org/wiki/Mohsen Makhmalbaf,60.02373577,Film Director,محسن مخملباف
Mohammad Mirmohammadi,1948,2020,https://en.wikipedia.org/wiki/Mohammad Mirmohammadi,60.01602859,Politician,سید محمد میرمحمدی
Abbas,1944,2018,https://en.wikipedia.org/wiki/Abbas_(photographer),59.94261117,Photographer,عباس عطار
Jafar Sharif-Emami,1910,1998,https://en.wikipedia.org/wiki/Jafar Sharif-Emami,59.85752046,Politician,جعفر شریف‌امامی
Emam-Ali Habibi,1931,,https://en.wikipedia.org/wiki/Emam-Ali Habibi,59.84816908,Wrestler,امامعلی حبیبی
Ehsan Yarshater,1920,2018,https://en.wikipedia.org/wiki/Ehsan Yarshater,59.80290923,Historian,احسان یارشاطر
Jalil Zandi,1951,2001,https://en.wikipedia.org/wiki/Jalil Zandi,59.79535991,Military Personnel,جلیل زندی
Mirza Ibrahimov,1911,1993,https://en.wikipedia.org/wiki/Mirza Ibrahimov,59.71306792,Politician,میرزا ابراهیموف
Esmail Ghaani,1957,,https://en.wikipedia.org/wiki/Esmail Ghaani,59.5238464,Military Personnel,اسماعیل قاآنی
Ali Mansur,1895,1974,https://en.wikipedia.org/wiki/Ali Mansur,59.50403511,Politician,علی منصور
Ali Javan,1926,2016,https://en.wikipedia.org/wiki/Ali Javan,59.43401954,Physicist,علی جوان
Mahmoud Dowlatabadi,1940,,https://en.wikipedia.org/wiki/Mahmoud Dowlatabadi,59.36649972,Writer,محمود دولت‌آبادی
Timur Shah Durrani,1748,1793,https://en.wikipedia.org/wiki/Timur Shah Durrani,59.22031977,Politician,تیمورشاه درانی
Rita,1962,,https://en.wikipedia.org/wiki/Rita,59.01948029,Singer,ریتا
Maryam Rajavi,1953,,https://en.wikipedia.org/wiki/Maryam Rajavi,58.83990968,Politician,مریم رجوی
Gholam-Ali Haddad-Adel,1945,,https://en.wikipedia.org/wiki/Gholam-Ali Haddad-Adel,58.56828216,Politician,غلامعلی حداد عادل
Alenush Terian,1921,2011,https://en.wikipedia.org/wiki/Alenush Terian,58.55236901,Astronomer,آلنوش طریان
Hossein Salami,1960,,https://en.wikipedia.org/wiki/Hossein Salami,58.40067478,Military Personnel,حسین سلامی
Mahmoud Hashemi Shahroudi,1948,2018,https://en.wikipedia.org/wiki/Mahmoud Hashemi Shahroudi,57.9897882,Politician,سید محمود هاشمی شاهرودی
Hassan Habibi,1937,2013,https://en.wikipedia.org/wiki/Hassan Habibi,57.94852907,Politician,حسن حبیبی
Eshaq Jahangiri,1958,,https://en.wikipedia.org/wiki/Eshaq Jahangiri,57.90170369,Politician,اسحاق جهانگیری
Mohsen Rezaee,1954,,https://en.wikipedia.org/wiki/Mohsen Rezaee,57.78987972,Politician,محسن رضایی
Nasser Hejazi,1949,2011,https://en.wikipedia.org/wiki/Nasser Hejazi,57.74908028,Soccer Player,ناصر حجازی
Mohammad-Reza Shafiei Kadkani,1939,,https://en.wikipedia.org/wiki/Mohammad-Reza Shafiei Kadkani,57.58022061,Writer,محمدرضا شفیعی کدکنی
Darius Khondji,1955,,https://en.wikipedia.org/wiki/Darius Khondji,57.52961075,Politician,داریوش خنجی
Abdul Aziz al-Hakim,1952,2009,https://en.wikipedia.org/wiki/Abdul Aziz al-Hakim,57.499732,Politician,سید عبدالعزیز حکیم
Mohammad Bagher Ghalibaf,1961,,https://en.wikipedia.org/wiki/Mohammad Bagher Ghalibaf,57.38721031,Politician,محمدباقر قالیباف
Andranik Eskandarian,1951,,https://en.wikipedia.org/wiki/Andranik Eskandarian,57.30209443,Soccer Player,آندرانیک اسکندریان
Azar Nafisi,1955,,https://en.wikipedia.org/wiki/Azar Nafisi,57.08925641,Writer,آذر نفیسی
Aylar Lie,1984,,https://en.wikipedia.org/wiki/Aylar Lie,57.04264879,Pornographic Actor,آیلار لی
Ali Parvin,1946,,https://en.wikipedia.org/wiki/Ali Parvin,56.97452851,Soccer Player,علی پروین
Mohammad Ali Jafari,1957,,https://en.wikipedia.org/wiki/Mohammad Ali Jafari,56.92361354,Military Personnel,محمدعلی جعفری
Golshifteh Farahani,1983,,https://en.wikipedia.org/wiki/Golshifteh Farahani,56.76117394,Actor,گلشیفته فراهانی
Andy,1958,,https://en.wikipedia.org/wiki/Andy,56.72606545,Singer,اندی
Nusrat Bhutto,1929,2011,https://en.wikipedia.org/wiki/Nusrat Bhutto,56.63346529,Politician,نصرت بوتو
Bahman Ghobadi,1969,,https://en.wikipedia.org/wiki/Bahman Ghobadi,56.29655044,Film Director,بهمن قبادی
Shahrnush Parsipur,1946,,https://en.wikipedia.org/wiki/Shahrnush Parsipur,56.0850959,Writer,شهرنوش پارسی‌پور
Afshin Ghotbi,1964,,https://en.wikipedia.org/wiki/Afshin Ghotbi,55.82364859,Soccer Player,افشین قطبی
Mehdi Mahdavikia,1977,,https://en.wikipedia.org/wiki/Mehdi Mahdavikia,55.51615539,Soccer Player,مهدی مهدوی‌کیا
Leila Hatami,1972,,https://en.wikipedia.org/wiki/Leila Hatami,55.12215012,Actor,لیلا حاتمی
Ali Karimi,1978,,https://en.wikipedia.org/wiki/Ali Karimi,55.02769004,Soccer Player,علی کریمی
Nazanin Boniadi,1979,,https://en.wikipedia.org/wiki/Nazanin Boniadi,55.00677439,Actor,نازنین بنیادی
Mohammad Reza Aref,1951,,https://en.wikipedia.org/wiki/Mohammad Reza Aref,54.94486696,Politician,محمدرضا عارف
Sardar Azmoun,1995,,https://en.wikipedia.org/wiki/Sardar Azmoun,54.91259914,Soccer Player,سردار آزمون
Guity Novin,1944,,https://en.wikipedia.org/wiki/Guity Novin,54.82342044,Painter,گیتی نوین
Reza Hosseini Nassab,1960,,https://en.wikipedia.org/wiki/Reza Hosseini Nassab,54.31823856,Religious Figure,سید رضا حسینی‌نسب
Sakineh Mohammadi Ashtiani,1967,,https://en.wikipedia.org/wiki/Sakineh Mohammadi Ashtiani,54.19069827,Social Activist,سکینه محمدی آشتیانی
Kayhan Kalhor,1963,,https://en.wikipedia.org/wiki/Kayhan Kalhor,54.05313483,Musician,کیهان کلهر
Manouchehr Mottaki,1953,,https://en.wikipedia.org/wiki/Manouchehr Mottaki,54.01199825,Politician,منوچهر متکی
Jasmin Tabatabai,1967,,https://en.wikipedia.org/wiki/Jasmin Tabatabai,53.97487331,Actor,یاسمین طباطبایی
Hossein Rezazadeh,1978,,https://en.wikipedia.org/wiki/Hossein Rezazadeh,53.75321946,Politician,حسین رضازاده
Vahid Hashemian,1976,,https://en.wikipedia.org/wiki/Vahid Hashemian,53.73476776,Soccer Player,وحید هاشمیان
Caucher Birkar,1978,,https://en.wikipedia.org/wiki/Caucher Birkar,53.69321033,Mathematician,کوچر بیرکار
Shahab Hosseini,1974,,https://en.wikipedia.org/wiki/Shahab Hosseini,53.56564013,Actor,شهاب حسینی
Javad Nekounam,1980,,https://en.wikipedia.org/wiki/Javad Nekounam,53.41076488,Soccer Player,جواد نکونام
Khodadad Azizi,1971,,https://en.wikipedia.org/wiki/Khodadad Azizi,52.99914493,Soccer Player,خداداد عزیزی
Hossein Shahabi,1967,,https://en.wikipedia.org/wiki/Hossein Shahabi,52.90499412,Film Director,حسین شهابی
Cumrun Vafa,1960,,https://en.wikipedia.org/wiki/Cumrun Vafa,52.89017776,Physicist,کامران وفا
Hadi Khosroshahi,1939,2020,https://en.wikipedia.org/wiki/Hadi Khosroshahi,52.62656035,Politician,سید هادی خسروشاهی
Rosie Malek-Yonan,1965,,https://en.wikipedia.org/wiki/Rosie Malek-Yonan,52.55451866,Actor,رزی ملک یونان
Iraj Danaeifard,1951,2018,https://en.wikipedia.org/wiki/Iraj Danaeifard,52.46914424,Soccer Player,ایرج دانایی‌فرد
Ashkan Dejagah,1986,,https://en.wikipedia.org/wiki/Ashkan Dejagah,52.00653862,Soccer Player,اشکان دژآگه
Karim Bagheri,1974,,https://en.wikipedia.org/wiki/Karim Bagheri,51.71316904,Soccer Player,کریم باقری
Azam Ali,1970,,https://en.wikipedia.org/wiki/Azam Ali,51.66868642,Singer,اعظم علی
Nasim Pedrad,1981,,https://en.wikipedia.org/wiki/Nasim Pedrad,51.63530465,Actor,نسیم پدراد
Alireza Faghani,1978,,https://en.wikipedia.org/wiki/Alireza Faghani,51.45098733,Referee,علیرضا فغانی
Masoud Shojaei,1984,,https://en.wikipedia.org/wiki/Masoud Shojaei,51.42641265,Soccer Player,مسعود شجاعی
Helly Luv,1988,,https://en.wikipedia.org/wiki/Helly Luv,51.057051,Actor,هلی لوو
Yahya Golmohammadi,1971,,https://en.wikipedia.org/wiki/Yahya Golmohammadi,50.98873186,Soccer Player,یحیی گل‌محمدی
Ali Divandari,1957,,https://en.wikipedia.org/wiki/Ali Divandari,50.9508281,Painter,علی دیواندری
Laleh,1982,,https://en.wikipedia.org/wiki/Laleh,50.9397913,Singer,لاله
Ahmad Reza Abedzadeh,1966,,https://en.wikipedia.org/wiki/Ahmad Reza Abedzadeh,50.80168934,Soccer Player,احمدرضا عابدزاده
Alireza Jahanbakhsh,1993,,https://en.wikipedia.org/wiki/Alireza Jahanbakhsh,50.79375212,Soccer Player,علیرضا جهانبخش
Samira Makhmalbaf,1980,,https://en.wikipedia.org/wiki/Samira Makhmalbaf,50.61874373,Film Director,سمیرا مخملباف
Azad,1973,,https://en.wikipedia.org/wiki/Azad,50.52374992,Singer,آزاد
Rahman Rezaei,1975,,https://en.wikipedia.org/wiki/Rahman Rezaei,50.38132597,Soccer Player,رحمان رضایی (بازیکن فوتبال)
Reza Ghoochannejhad,1987,,https://en.wikipedia.org/wiki/Reza Ghoochannejhad,50.18359824,Soccer Player,رضا قوچان‌نژاد
Saeed Jalili,1965,,https://en.wikipedia.org/wiki/Saeed Jalili,50.1736063,Politician,سعید جلیلی
